{
    "start":{
        "en":"🙌Welcome Back. Just send me YouTube video link!",
        "uz":"🙌Qaytib kelganingizdan xursandmiz. Shunchaki menga YouTube video havolasini yuboring!",
        "ru":"🙌Добро пожаловать. Просто пришлите мне ссылку на видео YouTube!"
    },
    "reg":{
        "en":"🥳You have successfully registered Just send me YouTube video link!",
        "uz":"🥳Muvoffaqiyatli ro'yxatdan o'tdingiz. Shunchaki menga YouTube video havolasini yuboring!",
        "ru":"🥳Вы успешно зарегистрировались. Просто пришлите мне ссылку на видео YouTube!"
    },
    "live_st_error": {
        "en":"🚫 The video is being shown live. Unable to download!",
        "uz":"🚫 Video jonli efirda namoyish etilayapdi. Yuklab olishni imkoni yo'q!",
        "ru":"🚫 Видео демонстрируется в прямом эфире. Не в состоянии скачать!"
    },
    "undefined_err": {
        "en":"🧐 Something went wrong!",
        "uz":"🧐 Nimadur xato ketdi!",
        "ru":"🧐 Что-то пошло не так!"
    },
    "dn_desc": {
        "en":"⏳ Video is being download. Please wait!",
        "uz":"⏳ Video yuklab olinmoqda. Iltimos kuting!",
        "ru":"⏳ Видео скачивается. Пожалуйста, подождите!"
    },
    "dn_err_desc":{
        "en":"🧐 Something went wrong while trying to downloading video!",
        "uz":"🧐 Videoni yuklashda nimadir xato ketdi!",
        "ru":"🧐 Что-то пошло не так при загрузке видео!"
    }
}